,state,sat_part,sat_ebrw,sat_math,sat_total
0,Alabama,5.0,593.0,572.0,1165.0
1,Alaska,38.0,547.0,533.0,1080.0
2,Arizona,30.0,563.0,553.0,1116.0
3,Arkansas,3.0,614.0,594.0,1208.0
4,California,53.0,531.0,524.0,1055.0
5,Colorado,11.0,606.0,595.0,1201.0
6,Connecticut,100.0,530.0,512.0,1041.0
7,Delaware,100.0,503.0,492.0,996.0
8,District of Columbia,100.0,482.0,468.0,950.0
9,Florida,83.0,520.0,497.0,1017.0
10,Georgia,61.0,535.0,515.0,1050.0
11,Hawaii,55.0,544.0,541.0,1085.0
12,Idaho,93.0,513.0,493.0,1005.0
13,Illinois,9.0,559.0,556.0,1115.0
14,Indiana,63.0,542.0,532.0,1074.0
15,Iowa,2.0,641.0,635.0,1275.0
16,Kansas,4.0,632.0,628.0,1260.0
17,Kentucky,4.0,631.0,616.0,1247.0
18,Louisiana,4.0,611.0,586.0,1198.0
19,Maine,95.0,513.0,499.0,1012.0
20,Maryland,69.0,536.0,52.0,1060.0
21,Massachusetts,76.0,555.0,551.0,1107.0
22,Michigan,100.0,509.0,495.0,1005.0
23,Minnesota,3.0,644.0,651.0,1295.0
24,Mississippi,2.0,634.0,607.0,1242.0
25,Missouri,3.0,640.0,631.0,1271.0
26,Montana,10.0,605.0,591.0,1196.0
27,Nebraska,3.0,629.0,625.0,1253.0
28,Nevada,26.0,563.0,553.0,1116.0
29,New Hampshire,96.0,532.0,520.0,1052.0
30,New Jersey,70.0,530.0,526.0,1056.0
31,New Mexico,11.0,577.0,561.0,1138.0
32,New York,67.0,528.0,523.0,1052.0
33,North Carolina,49.0,546.0,535.0,1081.0
34,North Dakota,2.0,635.0,621.0,1256.0
35,Ohio,12.0,578.0,570.0,1149.0
36,Oklahoma,7.0,530.0,517.0,1047.0
37,Oregon,43.0,560.0,548.0,1108.0
38,Pennsylvania,65.0,540.0,531.0,1071.0
39,Rhode Island,71.0,539.0,524.0,1062.0
40,South Carolina,50.0,543.0,521.0,1064.0
41,South Dakota,3.0,612.0,603.0,1216.0
42,Tennessee,5.0,623.0,604.0,1228.0
43,Texas,62.0,513.0,507.0,1020.0
44,Utah,3.0,624.0,614.0,1238.0
45,Vermont,60.0,562.0,551.0,1114.0
46,Virginia,65.0,561.0,541.0,1102.0
47,Washington,64.0,541.0,534.0,1075.0
48,West Virginia,14.0,558.0,528.0,1086.0
49,Wisconsin,3.0,642.0,649.0,1291.0
50,Wyoming,3.0,626.0,604.0,1230.0
